"Lane","Sample","Index"
"*","L28","SI-TT-D6"
"*","L29","SI-TT-D8"
"*","L30","SI-TT-D9"
"*","L31","SI-TT-D10"
"*","L32","SI-TT-D11"
"*","L33","SI-TT-D12"
"*","L34","SI-TT-E1"
"*","L35","SI-TT-E2"
"*","L36","SI-TT-E3"
"*","L37","SI-TT-E4"
"*","L38","SI-TT-E5"
"*","L39","SI-TT-E6"
"*","L40","SI-TT-E7"
"*","L41","SI-TT-E8"
"*","L42","SI-TT-E9"
"*","L43","SI-TT-E10"
"*","L44","SI-TT-E11"
"*","L36-HTO","ATTACTCG"
"*","L37-HTO","TCCGGAGA"
"*","L39-HTO","CGCTCATT"
"*","L40-HTO","GAGATTCC"
"*","L42-HTO","ATTCAGAA"
